OurLabID,Sample ID,d13C,%C,d15N,%N,Amount (mg),Plate position,Comments,,,,,,,,
G-86558,26G_1,-26.11,13.75,1.47,0.52,13.6,plate1_B8,,,,,,,,,
G-86659,26G_100,-24.55,7.12,4.62,0.53,14.9,plate2_C1,,,,,,,,,
G-86642,26G_101,-26.66,10.88,1.94,0.67,14.12,plate2_A8,,,,,,,,,
G-86676,26G_102,-25.26,9.96,4.01,0.72,13.72,plate2_D6,,,,,,,,,
G-86656,26G_103,-25.58,14.73,4.91,1.13,14.76,plate2_B10,,,,,,,,,
G-86657,26G_103_DUP,-25.7,15.58,4.82,1.16,13.77,plate2_B11,,,,,,,,,
G-86655,26G_104,-25.08,12.37,4.67,0.86,14.19,plate2_B9,,,,,,,,,
G-86672,26G_105,-26.63,15.25,3.5,1.12,14.69,plate2_D2,,,,,,,,,
G-86662,26G_106,-25.87,7.01,3.16,0.54,14.08,plate2_C4,,,,,,,,,
G-86666,26G_107,-26.14,11.87,3.55,0.82,13.2,plate2_C8,,,,,,,,,
G-86663,26G_108,-23.69,5.34,5.82,0.32,14.11,plate2_C5,,,,,,,,,
G-86660,26G_109,-24.74,6.33,4.75,0.47,14.51,plate2_C2,,,,,,,,,
G-86667,26G_110,-25.94,10.24,3.52,0.72,14.3,plate2_C9,,,,,,,,,
G-86684,26G_111,-25.32,11.41,3.85,0.78,14.34,plate2_E2,,,,,,,,,
G-86652,26G_112,-25.42,6.55,1.74,0.4,14.12,plate2_B6,,,,,,,,,
G-86644,26G_113,-26.06,14.37,5.06,0.94,14.39,plate2_A10,,,,,,,,,
G-86645,26G_113_DUP,-26.05,14.09,4.99,0.92,14.43,plate2_A11,,,,,,,,,
G-86648,26G_114,-26.26,15.5,4.48,1.16,13.86,plate2_B2,,,,,,,,,
G-86653,26G_115,-25.35,14.34,4.58,0.91,13.83,plate2_B7,,,,,,,,,
G-86677,26G_116,-25.53,10.43,3.44,0.77,14.32,plate2_D7,,,,,,,,,
G-86675,26G_117,-24.87,8.05,4.98,0.67,14.37,plate2_D5,,,,,,,,,
G-86679,26G_118,-25.2,10.85,2.99,0.79,13,plate2_D9,,,,,,,,,
G-86664,26G_119,-25.84,20.99,3.53,1.35,14.56,plate2_C6,,,,,,,,,
G-86547,26G_12,-27.87,9.58,3.85,0.45,13.72,plate1_A9,,,,,,,,,
G-86683,26G_120,-25.63,14.18,6.26,0.98,13.77,plate2_E1,,,,,,,,,
G-86842,26G_121,-26.26,16.97,4.92,1.27,14.22,plate4_B5,,,,,,,,,
G-86651,26G_122,-24.99,8.04,4.25,0.61,14.12,plate2_B5,,,,,,,,,
G-86674,26G_123,-26.35,16.43,2.9,1.18,14.08,plate2_D4,,,,,,,,,
G-86685,26G_124,-26.02,15.25,5.14,1.12,13.67,plate2_E3,,,,,,,,,
G-86680,26G_125,-25.23,8.47,4.34,0.62,14.9,plate2_D10,,,,,,,,,
G-86681,26G_125_DUP,-25.09,8.65,4.83,0.64,13.23,plate2_D11,,,,,,,,,
G-86678,26G_126,-25.07,8.84,4.62,0.74,14.34,plate2_D8,soil debris in transfer plate - %C and %N values may not be accurate,,,,,,,,
G-86649,26G_127,-23.85,8.02,5.92,0.49,13.44,plate2_B3,,,,,,,,,
G-86661,26G_128,-24.5,5.84,4.93,0.42,13.88,plate2_C3,,,,,,,,,
G-86709,26G_128_Dup?,-25.05,14.49,4.23,1.18,14.35,plate2_G3,,,,,,,,,
G-86815,26G_129,-25.53,24.31,2.77,1.17,13.44,plate3_H2,,,,,,,,,
G-86588,26G_13,-25.09,10.62,3.25,0.5,13.49,plate1_E2,,,,,,,,,
G-86814,26G_130,-24.89,6.89,2.55,0.38,13.87,plate3_H1,,,,,,,,,
G-86835,26G_131,-24.19,3.91,4.76,0.22,14.83,plate4_A10,,,,,,,,,
G-86836,26G_131_DUP,-24.45,4.82,4.3,0.27,13.81,plate4_A11,,,,,,,,,
G-86831,26G_132,-24.46,7.3,3.62,0.35,13.48,plate4_A6,,,,,,,,,
G-86809,26G_133,-25.32,8.88,3.66,0.44,13.64,plate3_G8,,,,,,,,,
G-86820,26G_134,-24.53,6.93,3.7,0.32,13.43,plate3_H7,,,,,,,,,
G-86840,26G_135,-24.2,6.49,4.16,0.34,14.01,plate4_B3,,,,,,,,,
G-86816,26G_136,-23.84,6.85,4.19,0.33,13.33,plate3_H3,,,,,,,,,
G-86819,26G_137,-23.83,6.24,4.27,0.3,13.32,plate3_H6,,,,,,,,,
G-86829,26G_138,-26.44,10.91,2.44,0.61,13.42,plate4_A4,,,,,,,,,
G-86821,26G_139,-23.48,5.55,5.14,0.24,14.73,plate3_H8,,,,,,,,,
G-86541,26G_14,-26.11,6.43,2.95,0.31,13.85,plate1_A3,,,,,,,,,
G-86830,26G_140,-23.81,4.67,4.54,0.26,14.79,plate4_A5,,,,,,,,,
G-86807,26G_141,-25.01,7.02,3.93,0.35,13.42,plate3_G6,,,,,,,,,
G-86818,26G_142,-26.37,18.68,3.5,1,14.29,plate3_H5,,,,,,,,,
G-86841,26G_143,-24.07,6.56,4.18,0.28,14.11,plate4_B4,,,,,,,,,
G-86811,26G_144,-28.24,33.26,4.17,1.69,14.76,plate3_G10,,,,,,,,,
G-86812,26G_144_DUP,-28.22,36.22,4.48,1.82,13.56,plate3_G11,,,,,,,,,
G-86828,26G_145,-26.18,12.88,3.05,0.66,14.03,plate4_A3,,,,,,,,,
G-86808,26G_146,-26.53,17.28,3.3,0.8,13.98,plate3_G7,,,,,,,,,
G-86827,26G_147,-22.81,4.59,5.13,0.23,14.78,plate4_A2,,,,,,,,,
G-86806,26G_148,-25.43,11.6,4.04,0.48,14.73,plate3_G5,,,,,,,,,
G-86686,26G_149,-24.61,6.95,4.58,0.34,14.95,plate2_E4,,,,,,,,,
G-86817,26G_149_Dup?,-25.09,7.67,4.41,0.39,14.86,plate3_H4,soil debris in transfer plate - %C and %N values may not be accurate,,,,,,,,
G-86546,26G_15,-27.77,23.01,4.06,1.11,14.63,plate1_A8,,,,,,,,,
G-86738,26G_150,-23.54,6.36,11.52,0.57,14.43,plate3_A8,Nitrogen QA/QC did not pass,,,,,,,,
G-86826,26G_150_Dup?,-26.84,17.18,2.9,0.92,13.36,plate4_A1,,,,,,,,,
G-86810,26G_151,-25.66,10.68,3.67,0.44,13.81,plate3_G9,,,,,,,,,
G-86716,26G_152,-25.44,9.42,2.94,0.5,13.07,plate2_G10,,,,,,,,,
G-86717,26G_152_DUP,-25.41,9.5,3.02,0.51,14.14,plate2_G11,,,,,,,,,
G-86832,26G_152_Dup?,-26.38,10.74,2.88,0.55,14.74,plate4_A7,,,,,,,,,
G-86823,26G_153,-24.22,5.89,4.53,0.27,14.38,plate3_H10,,,,,,,,,
G-86824,26G_153_DUP,-23.43,4.61,4.53,0.21,13.18,plate3_H11,,,,,,,,,
G-86833,26G_154,-24.18,5.62,4.14,0.22,14.85,plate4_A8,,,,,,,,,
G-86834,26G_155,-25.81,8.7,2.88,0.46,13.53,plate4_A9,,,,,,,,,
G-86822,26G_156,-24.05,6.36,5.52,0.31,13.91,plate3_H9,,,,,,,,,
G-86699,26G_157,-26.32,20.19,3.42,1.04,13.56,plate2_F5,,,,,,,,,
G-86783,26G_157_Dup?,-25.39,10.98,4.44,0.48,14.93,plate3_E6,,,,,,,,,
G-86774,26G_158,-25.35,7.44,3.62,0.31,13.39,plate3_D9,,,,,,,,,
G-86779,26G_159,-24.46,5.05,4.47,0.26,13.45,plate3_E2,,,,,,,,,
G-86540,26G_16,-25.83,6.02,3.78,0.28,14.11,plate1_A2,,,,,,,,,
G-86772,26G_160,-24.89,6.45,3.78,0.26,13.27,plate3_D6,,,,,,,,,
G-86713,26G_161,-23.22,10.69,6.43,0.92,14.27,plate2_G7,,,,,,,,,
G-86695,26G_162,-25.63,17.65,4.04,1.52,13.08,plate2_F1,,,,,,,,,
G-86702,26G_163,-24.95,9.42,5.5,0.85,14.37,plate2_F8,,,,,,,,,
G-86700,26G_164,-24.11,14.94,7.58,1.04,14.73,plate2_F6,,,,,,,,,
G-86726,26G_165,-25.56,14.28,3.55,1.04,13.19,plate2_H8,,,,,,,,,
G-86735,26G_166,-24.05,15.3,6.6,1.35,14.56,plate3_A5,Nitrogen QA/QC did not pass,,,,,,,,
G-86743,26G_167,-25.65,8.93,8.46,0.63,13.81,plate3_B1,Nitrogen QA/QC did not pass,,,,,,,,
G-86708,26G_168,-23.46,7.91,5.45,0.68,13.88,plate2_G2,,,,,,,,,
G-86728,26G_169,-24.99,10.6,2.96,0.78,14.63,plate2_H10,,,,,,,,,
G-86729,26G_169_DUP,-24.97,10.28,2.76,0.76,14.93,plate2_H11,,,,,,,,,
G-86545,26G_17,-25.92,8.39,3.56,0.37,14.03,plate1_A7,,,,,,,,,
G-86725,26G_170,-22.78,4.57,5.74,0.26,13.12,plate2_H7,,,,,,,,,
G-86727,26G_171,-25.88,7.09,4.34,0.45,14.22,plate2_H9,,,,,,,,,
G-86724,26G_172,-25.27,9.26,5.97,0.68,13.59,plate2_H6,,,,,,,,,
G-86715,26G_173,-24.74,15.23,4.45,1,13.09,plate2_G9,,,,,,,,,
G-86697,26G_174,-23.52,10.46,5.28,0.94,14.17,plate2_F3,,,,,,,,,
G-86703,26G_175,-24.54,11.37,6.34,0.91,14.34,plate2_F9,,,,,,,,,
G-86711,26G_176,-18.41,10.87,6.07,0.85,13.26,plate2_G5,soil debris in transfer plate - %C and %N values may not be accurate,,,,,,,,
G-86696,26G_177,-19.96,4.65,5.51,0.31,13.55,plate2_F2,,,,,,,,,
G-86701,26G_178,-22.61,6.72,6.68,0.48,14.48,plate2_F7,,,,,,,,,
G-86710,26G_179,-23.78,8,5.14,0.62,14.02,plate2_G4,,,,,,,,,
G-86548,26G_18,-25.76,11.08,4.73,0.55,14.56,plate1_A10,,,,,,,,,
G-86549,26G_18_DUP,-25.99,11.97,4.77,0.6,14.43,plate1_A11,,,,,,,,,
G-86691,26G_180,-25.22,15.18,4.94,1.21,14.19,plate2_E9,,,,,,,,,
G-86714,26G_181,-23.88,13.18,6.08,1.09,14.29,plate2_G8,,,,,,,,,
G-86707,26G_183,-24.79,13.98,4.5,1.16,13.2,plate2_G1,,,,,,,,,
G-86690,26G_184,-29.94,20.66,5.16,1.74,13.68,plate2_E8,soil debris in transfer plate - %C and %N values may not be accurate,,,,,,,,
G-86689,26G_185,-23.59,9.42,5.86,0.65,13.17,plate2_E7,,,,,,,,,
G-86692,26G_186,-26.03,23.57,3.27,1.71,13.25,plate2_E10,,,,,,,,,
G-86693,26G_186_DUP,-25.98,21.6,3.04,1.58,13.19,plate2_E11,,,,,,,,,
G-86704,26G_187,-25.5,19.17,5.26,1.69,13.36,plate2_F10,,,,,,,,,
G-86705,26G_187_DUP,-25.45,20.27,5.43,1.8,13.72,plate2_F11,,,,,,,,,
G-86712,26G_188,-18.51,6.27,3.54,0.38,13.8,plate2_G6,,,,,,,,,
G-86719,26G_189,-24.6,11.4,4.79,0.86,13.03,plate2_H1,,,,,,,,,
G-86576,26G_19,-26.27,13.95,1.97,0.68,14.83,plate1_D2,,,,,,,,,
G-86688,26G_190,-23.56,9.09,5.87,0.75,13.69,plate2_E6,,,,,,,,,
G-86698,26G_191,-23.49,12.18,4.81,0.92,13.81,plate2_F4,,,,,,,,,
G-86687,26G_192,-27.66,9.54,5.35,0.74,14.24,plate2_E5,,,,,,,,,
G-86638,26G_193,-24.43,8.36,4.51,0.63,14.01,plate2_A4,,,,,,,,,
G-86607,26G_194,-24.97,6.17,3.99,0.37,14.05,plate1_F9,,,,,,,,,
G-86605,26G_195,-25.68,12.16,4.09,0.96,13.4,plate1_F7,,,,,,,,,
G-86639,26G_196,-24.19,7.17,5.98,0.54,14.86,plate2_A5,,,,,,,,,
G-86626,26G_197,-24.72,8.37,4.65,0.65,13.99,plate1_H4,,,,,,,,,
G-86631,26G_198,-25.04,12.61,5.65,1.01,14.38,plate1_H9,,,,,,,,,
G-86618,26G_199,-24.73,7.31,4.77,0.53,14.1,plate1_G8,,,,,,,,,
G-86542,26G_2,-26.91,7.91,1.96,0.4,14.29,plate1_A4,,,,,,,,,
G-86570,26G_20,-23.78,8.54,3.35,0.39,14.25,plate1_C8,,,,,,,,,
G-86665,26G_200,-25.07,7.28,4.12,0.54,14.54,plate2_C7,,,,,,,,,
G-86608,26G_201,-25.23,6.75,3.84,0.45,14.7,plate1_F10,,,,,,,,,
G-86609,26G_201_DUP,-24.99,6.21,3.65,0.42,13.12,plate1_F11,,,,,,,,,
G-86673,26G_202,-24.26,7.66,4.58,0.57,14.28,plate2_D3,,,,,,,,,
G-86612,26G_203,-24.18,8.09,6.6,0.65,13.78,plate1_G2,,,,,,,,,
G-86613,26G_204,-24.32,6.62,5.16,0.48,13.69,plate1_G3,,,,,,,,,
G-86650,26G_205,-24.64,11.16,6.12,0.92,14.91,plate2_B4,,,,,,,,,
G-86627,26G_206,-24.62,8.33,4.34,0.63,14.17,plate1_H5,,,,,,,,,
G-86630,26G_207,-24.48,7.79,4.89,0.6,14.62,plate1_H8,,,,,,,,,
G-86637,26G_208,-24.51,8.04,6.04,0.5,14.45,plate2_A3,,,,,,,,,
G-86620,26G_209,-24.87,7.69,4.19,0.52,14.13,plate1_G10,,,,,,,,,
G-86621,26G_209_DUP,-24.89,6.44,3.81,0.43,13.29,plate1_G11,,,,,,,,,
G-86575,26G_21,-25.72,15.17,3.24,0.74,14.68,plate1_D1,,,,,,,,,
G-86617,26G_210,-23.14,5.13,5.88,0.36,14.29,plate1_G7,,,,,,,,,
G-86606,26G_211,-26.31,7.66,4.96,0.54,14.5,plate1_F8,,,,,,,,,
G-86636,26G_212,-24.26,8.2,4.6,0.56,14.23,plate2_A2,,,,,,,,,
G-86635,26G_213,-24.52,5.51,4.98,0.41,15,plate2_A1,,,,,,,,,
G-86640,26G_214,-24.44,8.36,5.13,0.62,13.07,plate2_A6,,,,,,,,,
G-86611,26G_215,-24.7,11.63,5.13,0.74,13.73,plate1_G1,,,,,,,,,
G-86615,26G_216,-23.27,6.32,4.77,0.45,14.07,plate1_G5,,,,,,,,,
G-86616,26G_217,-24.41,8.39,5.5,0.68,14.77,plate1_G6,,,,,,,,,
G-86632,26G_218,-24.37,7.75,5.12,0.6,13.43,plate1_H10,,,,,,,,,
G-86633,26G_218_DUP,-24.2,6.01,5.14,0.47,14.41,plate1_H11,,,,,,,,,
G-86623,26G_219,-24.45,4.04,6.12,0.3,14.07,plate1_H1,,,,,,,,,
G-86572,26G_22,-24.84,10.01,3.36,0.51,13.94,plate1_C10,,,,,,,,,
G-86573,26G_22_DUP,-24.5,9.82,3.29,0.51,13,plate1_C11,,,,,,,,,
G-86641,26G_220,-21.98,2.56,7.2,0.16,14.18,plate2_A7,,,,,,,,,
G-86654,26G_221,-25.59,9.3,3.93,0.68,13.83,plate2_B8,,,,,,,,,
G-86629,26G_222,-25.65,9.91,3.46,0.65,14.57,plate1_H7,,,,,,,,,
G-86628,26G_223,-24.3,8.8,5,0.67,13.07,plate1_H6,,,,,,,,,
G-86647,26G_224,-23.58,6.29,4.11,0.42,14.79,plate2_B1,,,,,,,,,
G-86757,26G_225,-24.67,3.88,8.81,0.3,14.42,plate3_C3,Nitrogen QA/QC did not pass,,,,,,,,
G-86722,26G_226,-31.24,6.48,8.33,0.55,13.81,plate2_H4,,,,,,,,,
G-86763,26G_227,-24.59,6.61,7.3,0.54,14.15,plate3_C9,,,,,,,,,
G-86737,26G_228,-22.25,5.11,8.6,0.31,14.19,plate3_A7,Nitrogen QA/QC did not pass,,,,,,,,
G-86759,26G_229,-23.37,3.66,7.38,0.26,13.27,plate3_C5,Nitrogen QA/QC did not pass,,,,,,,,
G-86554,26G_23,-22.51,7.92,4.64,0.31,14.14,plate1_B4,,,,,,,,,
G-86736,26G_230,-21.81,3.29,9.94,0.21,14.16,plate3_A6,Nitrogen QA/QC did not pass,,,,,,,,
G-86752,26G_231,-25.17,6.07,7.2,0.49,13.77,plate3_B10,Nitrogen QA/QC did not pass,,,,,,,,
G-86753,26G_231_DUP,-25.24,7,7.16,0.58,14.17,plate3_B11,Nitrogen QA/QC did not pass,,,,,,,,
G-86761,26G_232,-23.09,5.1,5.18,0.31,14.7,plate3_C7,,,,,,,,,
G-86723,26G_233,-25.88,7.08,5.99,0.57,13.26,plate2_H5,,,,,,,,,
G-86751,26G_234,-22.91,4.71,8.59,0.3,14.51,plate3_B9,Nitrogen QA/QC did not pass,,,,,,,,
G-86760,26G_235,-22.05,3.91,9.17,0.3,13.94,plate3_C6,Nitrogen QA/QC did not pass,,,,,,,,
G-86747,26G_236,-23.2,4.18,10.65,0.31,13.49,plate3_B5,Nitrogen QA/QC did not pass,,,,,,,,
G-86758,26G_237,-25.67,6.81,5.74,0.51,13.61,plate3_C4,Nitrogen QA/QC did not pass,,,,,,,,
G-86748,26G_238,-22.16,5.23,15.26,0.34,13.58,plate3_B6,Nitrogen QA/QC did not pass,,,,,,,,
G-86739,26G_239,-23.79,5.09,5.91,0.35,14.61,plate3_A9,Nitrogen QA/QC did not pass,,,,,,,,
G-86577,26G_24,-26.65,23.63,2.71,1.04,14.12,plate1_D3,,,,,,,,,
G-86744,26G_240,-24.52,5.75,11.38,0.4,13.41,plate3_B2,Nitrogen QA/QC did not pass,,,,,,,,
G-86733,26G_241,-24.82,6.32,6.07,0.47,13.86,plate3_A3,Nitrogen QA/QC did not pass,,,,,,,,
G-86749,26G_242,-23.98,6.6,7.5,0.49,13.11,plate3_B7,Nitrogen QA/QC did not pass,,,,,,,,
G-86750,26G_244,-24.76,4.77,8.7,0.38,14.77,plate3_B8,Nitrogen QA/QC did not pass,,,,,,,,
G-86746,26G_245,-24.56,5.43,13.49,0.38,14.29,plate3_B4,Nitrogen QA/QC did not pass,,,,,,,,
G-86762,26G_246,-26.05,6.87,4.76,0.46,14.17,plate3_C8,,,,,,,,,
G-86755,26G_247,-24.52,6.21,5.46,0.51,13.91,plate3_C1,Nitrogen QA/QC did not pass,,,,,,,,
G-86734,26G_248,-25.54,6.11,6.13,0.43,14.29,plate3_A4,Nitrogen QA/QC did not pass,,,,,,,,
G-86720,26G_249,-22.96,2.74,6.76,0.17,13.19,plate2_H2,,,,,,,,,
G-86569,26G_25,-24.68,9.27,3.68,0.42,14.22,plate1_C7,,,,,,,,,
G-86745,26G_251,-25.62,9.41,8,0.71,14.86,plate3_B3,Nitrogen QA/QC did not pass,,,,,,,,
G-86721,26G_252,-25.31,6.38,6.77,0.49,14,plate2_H3,,,,,,,,,
G-86732,26G_253,-20.82,1.83,8.32,0.1,14.35,plate3_A2,Nitrogen QA/QC did not pass,,,,,,,,
G-86740,26G_254,-25.42,5.61,11.28,0.37,13.34,plate3_A10,Nitrogen QA/QC did not pass,,,,,,,,
G-86741,26G_254_DUP,-25.04,5.93,9.78,0.4,14.48,plate3_A11,Nitrogen QA/QC did not pass,,,,,,,,
G-86756,26G_255,-23.54,4.2,5.81,0.28,14.42,plate3_C2,Nitrogen QA/QC did not pass,,,,,,,,
G-86731,26G_256,-26.36,8.52,4.82,0.55,13.72,plate3_A1,Nitrogen QA/QC did not pass,,,,,,,,
G-86568,26G_26,-24.11,5.76,3.47,0.26,13.75,plate1_C6,,,,,,,,,
G-86555,26G_27,-25.84,13.62,1.51,0.66,13.96,plate1_B5,,,,,,,,,
G-86556,26G_28,-26.59,24.31,3.26,0.99,14.07,plate1_B6,,,,,,,,,
G-86552,26G_29,-24.14,8.05,4.01,0.38,13.68,plate1_B2,,,,,,,,,
G-86584,26G_3,,,2.52,1.6,14.19,plate1_D10,Too much carbon in sample - saturated detectors,,,,,,,,
G-86585,26G_3_DUP,,,2.6,1.59,14.78,plate1_D11,Too much carbon in sample - saturated detectors,,,,,,,,
G-86543,26G_30,-25.28,5.53,4.2,0.23,13.84,plate1_A5,,,,,,,,,
G-86539,26G_31,-26.78,8.05,3.43,0.3,14.27,plate1_A1,,,,,,,,,
G-86551,26G_32,-26.07,19.52,3.04,1.01,14.39,plate1_B1,,,,,,,,,
G-86563,26G_33,-25.19,8.22,3.04,0.39,14.54,plate1_C1,,,,,,,,,
G-86560,26G_34,-24.12,10.44,3.19,0.47,13.48,plate1_B10,,,,,,,,,
G-86561,26G_34_DUP,-24.2,9.93,3.11,0.44,13.13,plate1_B11,,,,,,,,,
G-86564,26G_35,-25.32,6.35,3.41,0.27,14.31,plate1_C2,,,,,,,,,
G-86567,26G_36,-25.66,8.67,1.84,0.43,14.67,plate1_C5,,,,,,,,,
G-86595,26G_37,-25.63,5.82,1.65,0.23,13.16,plate1_E9,,,,,,,,,
G-86603,26G_38,-24.92,7.98,2.16,0.36,13.52,plate1_F5,,,,,,,,,
G-86614,26G_39,-26.32,13.97,2.39,0.71,14.15,plate1_G4,,,,,,,,,
G-86571,26G_4,-25.79,12.45,0.71,0.51,13.29,plate1_C9,,,,,,,,,
G-86604,26G_40,-28.62,1.03,1.73,0.06,13.99,plate1_F6,soil debris in transfer plate - %C and %N values may not be accurate,,,,,,,,
G-86566,26G_41,-25.9,11.42,2.23,0.47,13.64,plate1_C4,,,,,,,,,
G-86599,26G_43,-25.08,7.58,3.36,0.43,14.64,plate1_F1,,,,,,,,,
G-86602,26G_44,-25.15,11.53,2.58,0.43,13.29,plate1_F4,,,,,,,,,
G-86579,26G_45,-26.85,11.27,0.81,0.5,14.9,plate1_D5,,,,,,,,,
G-86591,26G_46,-25.12,20.35,1.48,0.65,13.3,plate1_E5,,,,,,,,,
G-86590,26G_47,-25.18,8.56,2.14,0.44,14.4,plate1_E4,,,,,,,,,
G-86580,26G_48,-24.01,6.62,2.86,0.31,13.79,plate1_D6,,,,,,,,,
G-86565,26G_49,-25.32,9.26,2.7,0.47,14.47,plate1_C3,,,,,,,,,
G-86544,26G_5,-26.65,8.48,3.51,0.41,14.06,plate1_A6,,,,,,,,,
G-86578,26G_51,-24.93,7.14,2.96,0.32,14.04,plate1_D4,,,,,,,,,
G-86594,26G_52,-25.99,8.83,2.69,0.46,14.59,plate1_E8,,,,,,,,,
G-86589,26G_53,-26.12,10.72,2.1,0.36,13.21,plate1_E3,,,,,,,,,
G-86596,26G_54,-25.28,7.88,2.15,0.35,13.9,plate1_E10,,,,,,,,,
G-86597,26G_54_DUP,-25.42,8.17,2.46,0.35,13.77,plate1_E11,,,,,,,,,
G-86581,26G_55,-25.28,8.98,2.83,0.47,14.07,plate1_D7,,,,,,,,,
G-86592,26G_56,-24.71,6.32,3.08,0.32,14.53,plate1_E6,,,,,,,,,
G-86601,26G_57,-23.64,4.17,3.93,0.13,13.65,plate1_F3,,,,,,,,,
G-86593,26G_58,-26.24,12.22,2.53,0.46,13.58,plate1_E7,,,,,,,,,
G-86619,26G_59,-25.62,5.51,2.5,0.27,13.93,plate1_G9,,,,,,,,,
G-86583,26G_6,-25.3,13.98,2.35,0.63,13.15,plate1_D9,,,,,,,,,
G-86625,26G_60,-25.53,12.24,3.07,0.59,14.46,plate1_H3,,,,,,,,,
G-86624,26G_61,-25.51,15.35,3.35,0.6,14.07,plate1_H2,,,,,,,,,
G-86587,26G_62,-25.57,11.01,1.03,0.47,14.61,plate1_E1,,,,,,,,,
G-86582,26G_63,-24.53,7.72,3.05,0.4,13.72,plate1_D8,,,,,,,,,
G-86600,26G_64,-25.7,9.06,1.95,0.41,14.03,plate1_F2,,,,,,,,,
G-86771,26G_65,-27.11,13.58,3.74,0.68,13.42,plate3_D5,,,,,,,,,
G-86795,26G_66,-25.7,9.83,2,0.36,13.24,plate3_F6,,,,,,,,,
G-86804,26G_67,-25.34,7.91,4.24,0.36,14.71,plate3_G3,,,,,,,,,
G-86764,26G_68,-25.2,7.89,5.66,0.35,14.94,plate3_C10,,,,,,,,,
G-86765,26G_68_DUP,-24.96,5.93,5.51,0.28,15,plate3_C11,,,,,,,,,
G-86784,26G_69,-26.46,12.22,2.08,0.44,14.42,plate3_E7,,,,,,,,,
G-86553,26G_7,-26.01,23.56,2.67,1.04,13.04,plate1_B3,,,,,,,,,
G-86791,26G_70,-26.56,11.21,2,0.4,14.47,plate3_F2,,,,,,,,,
G-86792,26G_71,-25.46,10.17,3.79,0.48,14.4,plate3_F3,,,,,,,,,
G-86805,26G_72,-25.71,15.52,2.35,0.69,13.79,plate3_G4,,,,,,,,,
G-86773,26G_73,-25.53,6.47,2.89,0.17,14.71,plate3_D7,,,,,,,,,plate3_D8 blank
G-86780,26G_74,-26.35,8.35,2.06,0.31,13.99,plate3_E3,,,,,,,,,
G-86838,26G_75,-26.13,7.79,3.33,0.4,14.14,plate4_B1,,,,,,,,,
G-86839,26G_76,-25.83,15.3,2.6,0.53,14.63,plate4_B2,,,,,,,,,
G-86768,26G_77,-25.63,6.15,2.24,0.22,14.4,plate3_D2,,,,,,,,,
G-86782,26G_78,-26.82,14.45,3.9,0.55,14.97,plate3_E5,,,,,,,,,
G-86770,26G_79,-25.67,28.84,3.53,0.99,14.35,plate3_D4,,,,,,,,,
G-86557,26G_8,-26.72,23.33,0.46,1.03,13.07,plate1_B7,,,,,,,,,
G-86781,26G_80,-26.1,5.58,4.21,0.23,13.04,plate3_E4,,,,,,,,,
G-86794,26G_81,-24.97,6.09,4.88,0.27,14.72,plate3_F5,,,,,,,,,
G-86803,26G_82,-26.3,10.58,2.69,0.37,14.77,plate3_G2,,,,,,,,,
G-86796,26G_83,-25.76,9.35,2.38,0.38,13.72,plate3_F7,,,,,,,,,
G-86790,26G_84,-25.52,6.29,3.17,0.26,14.65,plate3_F1,,,,,,,,,
G-86775,26G_85,-25.81,12.02,2.16,0.47,13.05,plate3_D10,,,,,,,,,
G-86776,26G_85_DUP,-25.69,11.58,2.33,0.44,13.6,plate3_D11,,,,,,,,,
G-86767,26G_86,-25.59,7.73,3.8,0.41,14.27,plate3_D1,,,,,,,,,
G-86778,26G_87,-25,8.59,2.37,0.41,14.56,plate3_E1,,,,,,,,,
G-86769,26G_88,-26.24,15.35,3.72,0.71,13.14,plate3_D3,,,,,,,,,
G-86798,26G_89,-26.6,16.56,1.49,0.64,14.57,plate3_F9,,,,,,,,,
G-86559,26G_9,-26.12,9.67,0.85,0.43,14.33,plate1_B9,,,,,,,,,
G-86786,26G_90,-25.92,8.11,2.3,0.31,13.39,plate3_E9,,,,,,,,,
G-86787,26G_91,-25.08,8.17,3.22,0.38,14.18,plate3_E10,,,,,,,,,
G-86788,26G_91_DUP,-25.33,12.05,3.11,0.51,14.69,plate3_E11,,,,,,,,,
G-86799,26G_92,-26.16,10.52,2.35,0.45,13.39,plate3_F10,,,,,,,,,
G-86800,26G_92_DUP,-26.02,10.3,2.41,0.45,14.21,plate3_F11,,,,,,,,,
G-86797,26G_93,-25.47,12.51,2.74,0.47,14.84,plate3_F8,,,,,,,,,
G-86802,26G_94,-24.6,8.42,4.15,0.34,13.52,plate3_G1,,,,,,,,,
G-86785,26G_95,-27.66,34.01,2.37,1.17,14.9,plate3_E8,,,,,,,,,
G-86793,26G_96,-24.72,10.08,2.79,0.44,14.96,plate3_F4,,,,,,,,,
G-86643,26G_97,-22.94,4.32,5.72,0.26,13.61,plate2_A9,,,,,,,,,
G-86668,26G_98,-26.26,14.61,3.78,1.12,13.54,plate2_C10,,,,,,,,,
G-86669,26G_98_DUP,-26.06,13.25,4.05,0.99,14.51,plate2_C11,soil debris in transfer plate - %C and %N values may not be accurate,,,,,,,,
G-86671,26G_99,-25.1,7.59,4.73,0.53,14.59,plate2_D1,,,,,,,,,
G-86550,26G_AL1,-27.08,46.18,0,1.95,1.96,plate1_A12,,,,,,,,,
G-86658,26G_AL10,-26.94,47.07,-0.58,2.01,1.31,plate2_B12,,,,,,,,,
G-86670,26G_AL11,-26.9,47.02,-0.42,2.15,1.49,plate2_C12,,,,,,,,,
G-86682,26G_AL12,-27,47.75,-0.51,2.12,1.41,plate2_D12,,,,,,,,,
G-86694,26G_AL13,-26.96,46.97,-0.72,2.02,1.3,plate2_E12,,,,,,,,,
G-86706,26G_AL14,-26.97,46.58,-0.75,1.98,1.31,plate2_F12,,,,,,,,,
G-86718,26G_AL15,-26.86,46.25,0.21,1.91,1.31,plate2_G12,,,,,,,,,
G-86730,26G_AL16,-27.01,46.24,1.64,1.8,1.01,plate2_H12,,,,,,,,,
G-86742,26G_AL17,-26.62,46.41,7.05,2.05,1.99,plate3_A12,Nitrogen QA/QC did not pass,,,,,,,,
G-86754,26G_AL18,-26.85,44.7,3.19,1.98,1.32,plate3_B12,Nitrogen QA/QC did not pass,,,,,,,,
G-86766,26G_AL19,-26.93,46.94,0.7,2.01,1.08,plate3_C12,,,,,,,,,
G-86562,26G_AL2,-26.07,48.5,-0.17,1.91,1.13,plate1_B12,,,,,,,,,
G-86777,26G_AL20,-27.04,47.02,-0.11,1.73,1.21,plate3_D12,,,,,,,,,
G-86789,26G_AL21,-27.06,46.52,-0.19,1.65,1.13,plate3_E12,,,,,,,,,
G-86801,26G_AL22,-26.97,46.73,-0.09,1.72,1.41,plate3_F12,,,,,,,,,
G-86813,26G_AL23,-26.9,46.66,0.18,1.78,1.8,plate3_G12,,,,,,,,,
G-86825,26G_AL24,-27.1,46.32,-0.2,1.9,1.18,plate3_H12,,,,,,,,,
G-86837,26G_AL25,-27.09,44.94,0.17,1.86,1.23,plate4_A12,,,,,,,,,
G-86574,26G_AL3,-26.31,49.05,-0.27,2.09,1.9,plate1_C12,,,,,,,,,
G-86586,26G_AL4,-25.96,48.13,-0.97,1.9,1.39,plate1_D12,,,,,,,,,
G-86598,26G_AL5,-27.04,46.3,-0.32,1.89,1.37,plate1_E12,,,,,,,,,
G-86610,26G_AL6,-26.98,46.47,-0.22,2,1.45,plate1_F12,,,,,,,,,
G-86622,26G_AL7,-26.97,45.71,-0.61,1.78,1.27,plate1_G12,,,,,,,,,
G-86634,26G_AL8,-26.88,45.86,-0.23,1.94,1.41,plate1_H12,,,,,,,,,
G-86646,26G_AL9,-26.86,45.36,-0.69,1.88,1.44,plate2_A12,,,,,,,,,